,Total,Males,Females,Under 15 Years,15-19 Years,20-24 Years,25-34 Years,35-44 Years,45-54 Years,55-64 Years,65 & Over,Not Stated
2024 Jun ,1250266.0,603092.0,646951.0,136467.0,62637.0,89265.0,257147.0,264200.0,196923.0,142048.0,101579.0,0.0
2024 May ,1283125.0,631635.0,651264.0,100716.0,36690.0,77508.0,292546.0,275094.0,203342.0,171764.0,125465.0,0.0
2024 Apr ,1355667.0,656459.0,699107.0,129867.0,42879.0,76475.0,295704.0,280423.0,209734.0,178311.0,142274.0,0.0
2024 Mar ,1480533.0,687538.0,792903.0,100339.0,45455.0,101226.0,363206.0,273214.0,211083.0,204956.0,181054.0,0.0
2024 Feb ,1436579.0,692084.0,744384.0,146319.0,45974.0,87869.0,294411.0,286244.0,213147.0,196204.0,166411.0,0.0
2024 Jan ,1436414.0,685467.0,750859.0,141869.0,55645.0,97787.0,302584.0,285596.0,216583.0,184148.0,152202.0,0.0
2023 Dec ,1239778.0,602556.0,637172.0,148033.0,56081.0,77502.0,245954.0,243613.0,188785.0,153341.0,126469.0,0.0
2023 Nov ,1100466.0,556614.0,543831.0,67096.0,27928.0,60792.0,248015.0,228689.0,179551.0,160082.0,128313.0,0.0
2023 Oct ,1125964.0,563225.0,562723.0,90349.0,33748.0,61067.0,264989.0,242387.0,179280.0,148825.0,105319.0,0.0
2023 Sep ,1130762.0,576699.0,554054.0,76550.0,28350.0,76408.0,287268.0,240842.0,181949.0,144918.0,94477.0,0.0
2023 Aug ,1312693.0,634882.0,677793.0,169313.0,64612.0,99781.0,270916.0,273623.0,208850.0,136666.0,88932.0,0.0
2023 Jul ,1419642.0,681780.0,737855.0,213900.0,87362.0,106091.0,260823.0,289963.0,226377.0,141383.0,93743.0,0.0
2023 Jun ,1129310.0,548258.0,581045.0,127133.0,52133.0,78138.0,238080.0,236955.0,176276.0,128264.0,92331.0,0.0
2023 May ,1112512.0,545031.0,567474.0,86537.0,31588.0,68402.0,265087.0,243768.0,178420.0,139956.0,98754.0,0.0
2023 Apr ,1128610.0,556456.0,572144.0,130720.0,40678.0,62125.0,244148.0,238924.0,174794.0,134080.0,103141.0,0.0
2023 Mar ,1021040.0,515067.0,505964.0,74447.0,25960.0,59341.0,232638.0,213331.0,161958.0,139133.0,114232.0,0.0
2023 Feb ,957844.0,483745.0,474086.0,65721.0,22878.0,65498.0,221643.0,195224.0,150978.0,129725.0,106177.0,0.0
2023 Jan ,931814.0,464508.0,467297.0,98848.0,36964.0,67248.0,200425.0,184848.0,143897.0,111368.0,88216.0,0.0
2022 Dec ,931337.0,457823.0,473507.0,123734.0,43167.0,65231.0,200412.0,187200.0,136410.0,99949.0,75234.0,0.0
2022 Nov ,816340.0,428447.0,387885.0,48421.0,16801.0,51327.0,210690.0,180148.0,137778.0,103043.0,68132.0,0.0
2022 Oct ,816833.0,423112.0,393712.0,63829.0,21290.0,51624.0,212843.0,175720.0,129825.0,97222.0,64480.0,0.0
2022 Sep ,782215.0,419664.0,362542.0,50827.0,19359.0,59783.0,215319.0,168721.0,123753.0,90120.0,54333.0,0.0
2022 Aug ,728744.0,375963.0,352779.0,64064.0,29326.0,66314.0,187932.0,148400.0,110418.0,76569.0,45721.0,0.0
2022 Jul ,726739.0,371596.0,355136.0,78914.0,37336.0,66276.0,169853.0,146720.0,112285.0,71746.0,43609.0,0.0
2022 Jun ,543733.0,280284.0,263439.0,54166.0,22970.0,42754.0,128450.0,114453.0,83636.0,57907.0,39397.0,0.0
2022 May ,418458.0,223467.0,194989.0,32467.0,10944.0,28871.0,108939.0,90507.0,65094.0,49307.0,32329.0,0.0
2022 Apr ,295095.0,160563.0,134525.0,25859.0,8110.0,18761.0,77804.0,65000.0,44074.0,32459.0,23028.0,0.0
2022 Mar ,121207.0,73672.0,47532.0,6479.0,2100.0,8833.0,36225.0,29183.0,16796.0,12028.0,9563.0,0.0
2022 Feb ,67765.0,40068.0,27679.0,3305.0,1056.0,5307.0,20650.0,16007.0,9279.0,6991.0,5170.0,0.0
2022 Jan ,57174.0,32605.0,24546.0,3053.0,1142.0,6139.0,19112.0,12965.0,5978.0,4556.0,4229.0,0.0
2021 Dec ,92796.0,54718.0,38070.0,5973.0,2646.0,10489.0,30989.0,19988.0,8336.0,7151.0,7224.0,0.0
2021 Nov ,41179.0,24371.0,16804.0,2017.0,776.0,3736.0,14363.0,10334.0,4471.0,3118.0,2364.0,0.0
2021 Oct ,24006.0,14698.0,9307.0,1283.0,801.0,2289.0,7960.0,5732.0,2831.0,1997.0,1113.0,0.0
2021 Sep ,19009.0,11615.0,7392.0,1178.0,1111.0,1547.0,5273.0,4673.0,2692.0,1765.0,770.0,0.0
2021 Aug ,15887.0,8816.0,7071.0,1320.0,1277.0,2444.0,3950.0,3143.0,1923.0,1346.0,484.0,0.0
2021 Jul ,18517.0,10440.0,8077.0,1239.0,956.0,4360.0,4077.0,3411.0,2351.0,1609.0,514.0,0.0
2021 Jun ,10029.0,5801.0,4228.0,457.0,343.0,920.0,2722.0,2311.0,1581.0,1343.0,352.0,0.0
2021 May ,14190.0,7306.0,6884.0,459.0,342.0,1585.0,4473.0,3448.0,1965.0,1450.0,468.0,0.0
2021 Apr ,25737.0,14629.0,11108.0,1176.0,672.0,2748.0,9229.0,6448.0,3007.0,1798.0,659.0,0.0
2021 Mar ,27202.0,16400.0,10802.0,1179.0,909.0,2840.0,9570.0,7021.0,3366.0,1733.0,584.0,0.0
2021 Feb ,18141.0,10399.0,7742.0,988.0,423.0,1885.0,6698.0,4617.0,1940.0,1156.0,434.0,0.0
2021 Jan ,23366.0,12564.0,10802.0,1410.0,586.0,3055.0,8172.0,5396.0,2545.0,1536.0,666.0,0.0
2020 Dec ,24170.0,11051.0,13119.0,2089.0,893.0,3349.0,7739.0,5361.0,2500.0,1572.0,667.0,0.0
2020 Nov ,14749.0,6846.0,7903.0,1009.0,411.0,1161.0,4656.0,3869.0,2126.0,1145.0,372.0,0.0
2020 Oct ,13399.0,6349.0,7050.0,826.0,507.0,1538.0,4452.0,3246.0,1617.0,927.0,286.0,0.0
2020 Sep ,9500.0,4776.0,4724.0,736.0,312.0,1204.0,2897.0,2200.0,1297.0,687.0,167.0,0.0
2020 Aug ,8912.0,4503.0,4409.0,943.0,553.0,1546.0,2325.0,1893.0,1067.0,474.0,111.0,0.0
2020 Jul ,6843.0,3560.0,3283.0,1017.0,641.0,800.0,1643.0,1434.0,858.0,358.0,92.0,0.0
2020 Jun ,2171.0,1160.0,1011.0,239.0,233.0,139.0,514.0,496.0,341.0,176.0,33.0,0.0
2020 May ,880.0,724.0,156.0,32.0,18.0,41.0,172.0,264.0,230.0,117.0,6.0,0.0
2020 Apr ,750.0,548.0,202.0,33.0,13.0,24.0,157.0,233.0,168.0,106.0,16.0,0.0
2020 Mar ,240001.0,127278.0,112723.0,10462.0,4159.0,21276.0,64271.0,45909.0,35635.0,32708.0,25581.0,0.0
2020 Feb ,732966.0,379392.0,353574.0,39303.0,17269.0,59710.0,174489.0,132549.0,113483.0,107733.0,88430.0,0.0
2020 Jan ,1688102.0,823061.0,865041.0,198131.0,63286.0,110621.0,331431.0,328423.0,263025.0,220710.0,172475.0,0.0
2019 Dec ,1724961.0,832900.0,892061.0,202226.0,79876.0,110732.0,345625.0,319777.0,267469.0,233744.0,165512.0,0.0
2019 Nov ,1533668.0,771855.0,761813.0,86838.0,42490.0,90550.0,348981.0,309427.0,267189.0,236512.0,151681.0,0.0
2019 Oct ,1530479.0,752944.0,777535.0,122619.0,52888.0,87326.0,350584.0,306599.0,252764.0,220329.0,137370.0,0.0
2019 Sep ,1463543.0,736666.0,726877.0,88920.0,32116.0,104935.0,367724.0,295810.0,245379.0,208317.0,120342.0,0.0
2019 Aug ,1736102.0,829257.0,906845.0,241351.0,76998.0,129418.0,364099.0,371391.0,269323.0,178831.0,104691.0,0.0
2019 Jul ,1802593.0,872671.0,929922.0,262823.0,102231.0,134811.0,352274.0,376777.0,284344.0,183056.0,106277.0,0.0
2019 Jun ,1551847.0,753322.0,798525.0,175067.0,71449.0,106258.0,325457.0,311988.0,249441.0,194262.0,117925.0,0.0
2019 May ,1487791.0,723317.0,764474.0,126558.0,43831.0,85956.0,326172.0,305576.0,248911.0,213824.0,136963.0,0.0
2019 Apr ,1596724.0,774028.0,822696.0,158899.0,43698.0,83078.0,346576.0,320037.0,259876.0,225655.0,158905.0,0.0
2019 Mar ,1564664.0,769428.0,795236.0,101953.0,38424.0,86146.0,330417.0,296244.0,260209.0,259435.0,191836.0,0.0
2019 Feb ,1499051.0,738732.0,760319.0,144422.0,40839.0,96595.0,312335.0,294017.0,236913.0,210103.0,163827.0,0.0
2019 Jan ,1624593.0,800329.0,824264.0,173757.0,59041.0,106986.0,319405.0,317234.0,260286.0,221242.0,166642.0,0.0
2018 Dec ,1603217,777836,825381,193722,70939,102776,322781,302001,255941,214465,140592,-
2018 Nov ,1406985,715186,691799,87119,42538,84627,321490,280113,243349,212227,135522,-
2018 Oct ,1467380,735013,732367,113755,45341,83504,341227,298422,248736,209339,127056,-
2018 Sep ,1415149,721203,693946,89118,30000,100917,361136,284571,239218,197755,112434,-
2018 Aug ,1683122,812949,870173,232589,75601,126185,353258,363124,264785,170394,97186,-
2018 Jul ,1732896,845855,887041,249662,96938,129865,339958,364322,278326,174911,98914,-
2018 Jun ,1544679,756632,788047,182074,71372,105056,321577,313360,249212,187827,114201,-
2018 May ,1470891,719953,750938,120815,43416,86281,326377,309264,252252,207555,124931,-
2018 Apr ,1544248,763068,781180,139981,38602,79114,338474,316965,260386,222322,148404,-
2018 Mar ,1584406,784489,799917,116945,39771,92967,338232,303897,267238,248755,176601,-
2018 Feb ,1491970,740574,751396,159863,44122,98803,306641,298047,238626,197036,148832,-
2018 Jan ,1563359,775801,787558,149119,50016,106183,317626,306187,258347,221091,154790,-
2017 Dec ,1569616,761379,808237,188362,72122,102656,319346,291368,253204,209638,132920,-
2017 Nov ,1397330,706149,691181,75484,38333,83729,316267,267867,251553,225004,139093,-
2017 Oct ,1402299,700527,701772,115209,41561,82868,328261,283769,238073,197533,115025,-
2017 Sep ,1320050,665902,654148,89587,28441,95416,329626,267118,230178,182310,97374,-
2017 Aug ,1559283,755946,803337,207655,70806,121838,328969,335523,249113,158076,87303,-
2017 Jul ,1632135,798034,834101,233123,94150,125434,319087,340854,265205,164059,90223,-
2017 Jun ,1387601,681394,706207,152882,63690,100600,288603,276543,229079,172997,103207,-
2017 May ,1363897,686146,677751,113458,40469,84214,310651,285369,234890,185929,108917,-
2017 Apr ,1470750,724181,746569,145020,41091,82805,330739,296832,247084,199962,127217,-
2017 Mar ,1480161.0,740238.0,739923.0,95631.0,32638.0,90847.0,324707.0,279625.0,252748.0,235475.0,168490.0,0.0
2017 Feb ,1361010.0,679253.0,681757.0,100786.0,33139.0,97903.0,288751.0,270304.0,235237.0,195190.0,139700.0,0.0
2017 Jan ,1480479.0,736850.0,743629.0,167118.0,55632.0,100621.0,297053.0,295192.0,244433.0,186917.0,132925.0,588.0
2016 Dec ,1506134.0,737790.0,768344.0,174627.0,68362.0,104051.0,313234.0,285021.0,249796.0,190131.0,119397.0,1515.0
2016 Nov ,1235433.0,641202.0,594230.0,67551.0,33171.0,77853.0,285919.0,250135.0,228036.0,180800.0,110645.0,1323.0
2016 Oct ,1237675.0,639419.0,598255.0,90736.0,36372.0,77843.0,292624.0,255349.0,216682.0,165688.0,101035.0,1346.0
2016 Sep ,1144063.0,597128.0,546935.0,70770.0,26635.0,86706.0,293739.0,234061.0,202093.0,150015.0,78854.0,1190.0
2016 Aug ,1481876.0,730528.0,751348.0,185571.0,67356.0,118869.0,312629.0,322644.0,241157.0,148963.0,82900.0,1787.0
2016 Jul ,1622405.0,793433.0,828972.0,237561.0,93056.0,127175.0,317890.0,338811.0,257986.0,159781.0,88145.0,2000.0
2016 Jun ,1270531.0,629918.0,640612.0,129230.0,52419.0,90968.0,276013.0,260660.0,213720.0,155979.0,89797.0,1745.0
2016 May ,1357543.0,688271.0,669272.0,108185.0,38269.0,86320.0,309987.0,286032.0,239032.0,185338.0,102723.0,1657.0
2016 Apr ,1393972.0,700832.0,693140.0,112380.0,33387.0,74862.0,308215.0,284831.0,243165.0,203081.0,133548.0,503.0
2016 Mar ,1406607.0,710528.0,696076.0,104082.0,35815.0,86912.0,303432.0,275429.0,246542.0,212274.0,142111.0,10.0
2016 Feb ,1335097.0,674006.0,661091.0,120253.0,38027.0,94991.0,286860.0,270470.0,226016.0,174408.0,124072.0,0.0
2016 Jan ,1412123.0,714543.0,697579.0,132605.0,51593.0,105460.0,293333.0,276822.0,237698.0,185404.0,129207.0,1.0
2015 Dec ,1424978,709381,715595,168817,70185,99027,296466,267789,230968,179412,112314,-
2015 Nov ,1203992,634001,569989,69576,32077,75163,282137,244642,215370,176824,108203,-
2015 Oct ,1246947,653060,593887,90059,35151,77497,303947,258373,216518,168337,97065,-
2015 Sep ,1131976,594245,537730,71574,26068,85772,295176,235165,196220,145024,76977,-
2015 Aug ,1445062,721691,723371,177320,64984,116219,315165,315810,230600,145104,79860,-
2015 Jul ,1519233,755224,764009,219582,86622,120068,305004,320949,238312,148909,79787,-
2015 Jun ,1184747,616339,568407,114518,50513,85015,265036,248726,199935,140932,80072,-
2015 May ,1222836,633551,589284,100766,35165,80471,292179,260609,208367,157075,88204,-
2015 Apr ,1208624.0,623986.0,584636.0,110283.0,32748.0,68571.0,275269.0,255878.0,208358.0,159755.0,97760.0,2.0
2015 Mar ,1201648,640840,560805,81074,32562,75694,272083,246968,210969,168740,113558,-
2015 Feb ,1188818,607141,581677,116407,35267,83588,251059,244750,193777,150901,113069,-
2015 Jan ,1252608,652300,600306,108935,47226,91577,270410,250470,213928,162938,107124,-
2014 Dec ,1360541,689723,670815,168483,67350,97897,288004,267324,218257,157827,95399,-
2014 Nov ,1144230,618137,526090,63512,29693,73071,277952,245750,207798,157573,88881,-
2014 Oct ,1203527,631458,572069,95111,38128,76597,294361,257139,204555,151573,86063,-
2014 Sep ,1098626,592472,506151,65447,24123,84021,288578,236138,191424,137939,70956,-
2014 Aug ,1362935,697415,665517,166000,58666,109775,303440,297033,221152,135709,71160,-
2014 Jul ,1408400.0,710614.0,697781.0,198253.0,73859.0,112592.0,288800.0,299358.0,222629.0,138987.0,73922.0,0.0
2014 Jun ,1181422.0,622431.0,558989.0,124916.0,52373.0,86220.0,265077.0,257449.0,196756.0,129031.0,69600.0,0.0
2014 May ,1208532.0,631907.0,576624.0,102705.0,35068.0,81960.0,297250.0,267572.0,205276.0,142940.0,75761.0,0.0
2014 Apr ,1245307.0,652417.0,592889.0,118875.0,35496.0,73347.0,286384.0,272028.0,211420.0,154993.0,92763.0,1.0
2014 Mar ,1297551.0,679459.0,618092.0,84662.0,31314.0,80844.0,298016.0,267508.0,227701.0,184072.0,123434.0,0.0
2014 Feb ,1238239.0,650550.0,587689.0,92866.0,34139.0,91093.0,278601.0,260314.0,215952.0,160593.0,104680.0,1.0
2014 Jan ,1345842.0,696300.0,649542.0,143843.0,53487.0,97818.0,289937.0,280977.0,224158.0,155723.0,99899.0,0.0
2013 Dec ,1367404.0,698285.0,669119.0,168716.0,68895.0,99581.0,296588.0,271033.0,219490.0,155138.0,87961.0,2.0
2013 Nov ,1184002.0,634990.0,549012.0,73478.0,34066.0,77197.0,280643.0,250374.0,213621.0,162989.0,91634.0,0.0
2013 Oct ,1203746.0,638692.0,565020.0,93547.0,37485.0,78004.0,288614.0,257748.0,210199.0,153095.0,84454.0,600.0
2013 Sep ,1176142.0,626712.0,549348.0,63913.0,24547.0,89118.0,303924.0,245712.0,209160.0,160082.0,78158.0,1528.0
2013 Aug ,1483520.0,747592.0,735814.0,194289.0,72410.0,117354.0,318155.0,317944.0,238947.0,147777.0,74630.0,2014.0
2013 Jul ,1419657.0,725630.0,693924.0,183900.0,75622.0,110234.0,292653.0,305558.0,233258.0,143570.0,72555.0,2307.0
2013 Jun ,1288950.0,672466.0,616059.0,130289.0,50131.0,89065.0,287684.0,275829.0,221595.0,152181.0,79822.0,2354.0
2013 May ,1288282.0,667974.0,619497.0,101019.0,37239.0,79717.0,295530.0,273555.0,226085.0,176333.0,96521.0,2283.0
2013 Apr ,1274246.0,662096.0,611040.0,98713.0,32431.0,70791.0,283439.0,264480.0,225866.0,187983.0,107412.0,3131.0
2013 Mar ,1368891.0,715279.0,652561.0,98002.0,37010.0,84020.0,296175.0,275235.0,242220.0,207566.0,126495.0,2168.0
2013 Feb ,1221365.0,633301.0,586968.0,103164.0,37086.0,87694.0,269516.0,256443.0,211044.0,155939.0,98860.0,1619.0
2013 Jan ,1291718.0,681803.0,609769.0,111277.0,45862.0,96847.0,288056.0,269001.0,226599.0,159958.0,92734.0,1384.0
2012 Dec ,1360536.0,697079.0,663344.0,154349.0,63515.0,100716.0,294474.0,271216.0,224531.0,162566.0,87115.0,2054.0
2012 Nov ,1212079.0,649004.0,562908.0,72070.0,35396.0,80536.0,283180.0,254487.0,220602.0,171920.0,91819.0,2069.0
2012 Oct ,1192580.0,637353.0,555053.0,81524.0,31440.0,76866.0,286080.0,254893.0,214893.0,161104.0,83467.0,2313.0
2012 Sep ,1051348.0,575995.0,475264.0,54566.0,23074.0,81004.0,276761.0,228160.0,189326.0,135375.0,61938.0,1144.0
2012 Aug ,1313604.0,667449.0,645975.0,155823.0,64926.0,103976.0,287528.0,281581.0,217901.0,135029.0,65264.0,1576.0
2012 Jul ,1283611.0,663541.0,619358.0,152739.0,70137.0,99793.0,272198.0,276377.0,217616.0,131333.0,62618.0,800.0
2012 Jun ,1157739.0,592137.0,522268.0,111830.0,48265.0,81911.0,257695.0,248372.0,200776.0,136072.0,70841.0,1977.0
2012 May ,1146448.0,581905.0,510969.0,82524.0,33576.0,74951.0,267939.0,250535.0,203971.0,150496.0,79955.0,2501.0
2012 Apr ,1201953.0,599781.0,545695.0,94766.0,34900.0,69814.0,271710.0,254828.0,212631.0,165844.0,94267.0,3193.0
2012 Mar ,1243133.0,626009.0,556197.0,75655.0,31447.0,75010.0,281338.0,257527.0,222706.0,182668.0,113867.0,2915.0
2012 Feb ,1134554.0,584219.0,498084.0,62105.0,29095.0,85617.0,266657.0,239285.0,204761.0,153810.0,90789.0,2435.0
2012 Jan ,1198507.0,596901.0,549860.0,121478.0,48926.0,84079.0,258475.0,254054.0,205189.0,140878.0,83110.0,2318.0
2011 Dec ,1216637.0,605532.0,559845.0,140283.0,60591.0,92406.0,268262.0,247029.0,200570.0,134277.0,71094.0,2125.0
2011 Nov ,1027787.0,544357.0,442463.0,58451.0,29905.0,68325.0,248649.0,226331.0,188282.0,135188.0,70733.0,1923.0
2011 Oct ,1085193.0,561283.0,479971.0,73643.0,33370.0,70497.0,256463.0,235857.0,198856.0,143084.0,71199.0,2224.0
2011 Sep ,1033747.0,541368.0,451004.0,65427.0,26520.0,77793.0,264880.0,224223.0,185561.0,128604.0,58584.0,2155.0
2011 Aug ,1178511.0,583067.0,548759.0,132744.0,54015.0,92871.0,262087.0,258266.0,197846.0,119853.0,58375.0,2454.0
2011 Jul ,1273870.0,630411.0,592837.0,153479.0,68919.0,98949.0,268765.0,276060.0,216850.0,127939.0,60193.0,2716.0
2011 Jun ,1080066.0,555336.0,483537.0,109017.0,44949.0,73709.0,242729.0,238199.0,186784.0,120988.0,61555.0,2136.0
2011 May ,1054104.0,550154.0,467595.0,78644.0,32301.0,66713.0,245391.0,237352.0,190996.0,133128.0,67245.0,2334.0
2011 Apr ,1103320.0,559379.0,504643.0,96914.0,34485.0,63711.0,245797.0,239910.0,196726.0,144455.0,79175.0,2147.0
2011 Mar ,1071960.0,557628.0,475032.0,63209.0,26769.0,66747.0,242407.0,227915.0,193280.0,154177.0,95021.0,2435.0
2011 Feb ,990118.0,511367.0,444254.0,70734.0,30195.0,69573.0,224307.0,215119.0,177824.0,127659.0,72581.0,2126.0
2011 Jan ,1055990.0,544026.0,470081.0,88703.0,38282.0,74506.0,234491.0,229438.0,186833.0,128853.0,72837.0,2047.0
2010 Dec ,1127581.0,558839.0,513023.0,133186.0,55429.0,83600.0,240016.0,231190.0,189657.0,126060.0,66638.0,1805.0
2010 Nov ,964170.0,508957.0,412570.0,56240.0,27260.0,63027.0,225533.0,213696.0,180168.0,129839.0,66758.0,1649.0
2010 Oct ,978913.0,517606.0,423450.0,64650.0,26936.0,63602.0,233885.0,218466.0,180431.0,126901.0,62171.0,1871.0
2010 Sep ,947585.0,498514.0,408698.0,75780.0,28618.0,69641.0,230205.0,204048.0,169830.0,114764.0,52893.0,1806.0
2010 Aug ,996899.0,511945.0,448620.0,93130.0,44605.0,79045.0,225989.0,220936.0,175718.0,104654.0,50772.0,2050.0
2010 Jul ,1095047.0,551436.0,499723.0,128663.0,57065.0,84146.0,230664.0,235538.0,190028.0,113066.0,53593.0,2284.0
2010 Jun ,951032.0,499518.0,419704.0,95854.0,38945.0,65082.0,210797.0,211982.0,165639.0,106037.0,54462.0,2234.0
2010 May ,946676.0,494422.0,416396.0,69810.0,28673.0,61959.0,224168.0,215732.0,171445.0,115531.0,57060.0,2298.0
2010 Apr ,939013.0,485213.0,413385.0,70404.0,26416.0,55605.0,215334.0,209375.0,171377.0,122394.0,65671.0,2437.0
2010 Mar ,928903.0,488124.0,399250.0,54093.0,23263.0,60207.0,210247.0,200928.0,170120.0,129811.0,77627.0,2607.0
2010 Feb ,857387.0,441164.0,380690.0,64018.0,26685.0,61865.0,191112.0,183764.0,151853.0,109704.0,66199.0,2187.0
2010 Jan ,908495.0,473341.0,395495.0,64508.0,28575.0,65892.0,207351.0,193140.0,166527.0,117187.0,63062.0,2253.0
2009 Dec ,972233.0,484106.0,441056.0,108205.0,47016.0,76892.0,213822.0,195561.0,162269.0,108380.0,58193.0,1895.0
2009 Nov ,830173.0,444569.0,350101.0,40857.0,21660.0,57218.0,198024.0,180012.0,155438.0,113552.0,61845.0,1567.0
2009 Oct ,844953.0,449502.0,361118.0,51583.0,23023.0,56676.0,206237.0,185544.0,155462.0,108512.0,56213.0,1703.0
2009 Sep ,799496.0,423427.0,342901.0,57192.0,23029.0,62629.0,200133.0,172805.0,142636.0,95143.0,44157.0,1772.0
2009 Aug ,844649.0,438283.0,377336.0,72299.0,32554.0,70810.0,200101.0,185955.0,150044.0,90065.0,40924.0,1897.0
2009 Jul ,882107.0,458927.0,394749.0,90249.0,43909.0,74385.0,196127.0,189019.0,153932.0,91565.0,40733.0,2188.0
2009 Jun ,750404.0,403955.0,321821.0,67929.0,29648.0,57829.0,174049.0,166539.0,131257.0,81756.0,39837.0,1560.0
2009 May ,726391.0,387605.0,311551.0,49382.0,19041.0,50387.0,178883.0,161860.0,129766.0,89554.0,46010.0,1508.0
2009 Apr ,778975.0,403963.0,344593.0,59748.0,22315.0,48774.0,176697.0,167238.0,142192.0,103085.0,57310.0,1616.0
2009 Mar ,791236.0,416921.0,343014.0,41522.0,19862.0,51922.0,178191.0,166112.0,143657.0,114318.0,73873.0,1779.0
2009 Feb ,689935.0,371497.0,288864.0,32558.0,17887.0,54288.0,161808.0,148619.0,126074.0,93857.0,53233.0,1611.0
2009 Jan ,772138.0,398390.0,338613.0,67172.0,31846.0,56822.0,172572.0,165525.0,134330.0,90860.0,51349.0,1662.0
2008 Dec ,888001.0,449520.0,392608.0,91341.0,46368.0,75030.0,203587.0,179469.0,146325.0,94665.0,49678.0,1538.0
2008 Nov ,765325.0,417044.0,309320.0,34998.0,25954.0,54097.0,185178.0,171094.0,141820.0,98974.0,51580.0,1630.0
2008 Oct ,849400.0,454584.0,352764.0,57802.0,31181.0,58077.0,202118.0,187458.0,154123.0,104824.0,52177.0,1640.0
2008 Sep ,745794.0,409758.0,300237.0,41785.0,19413.0,61250.0,194776.0,169643.0,131646.0,86060.0,39821.0,1400.0
2008 Aug ,850016.0,448387.0,362814.0,74194.0,34974.0,72037.0,203437.0,192567.0,148752.0,85315.0,36870.0,1870.0
2008 Jul ,922569.0,483300.0,397249.0,96209.0,48543.0,79156.0,206152.0,201967.0,157975.0,89684.0,40952.0,1931.0
2008 Jun ,822954.0,444397.0,338901.0,67356.0,32644.0,63928.0,193851.0,185065.0,144582.0,89878.0,43717.0,1933.0
2008 May ,833604.0,449229.0,339988.0,54648.0,22357.0,57002.0,199571.0,192780.0,153796.0,101502.0,49991.0,1957.0
2008 Apr ,829438.0,445014.0,337205.0,49330.0,19998.0,51674.0,194517.0,192085.0,157544.0,106607.0,55842.0,1841.0
2008 Mar ,910635.0,473780.0,375731.0,55635.0,23576.0,61040.0,207814.0,199868.0,166022.0,121051.0,73515.0,2114.0
2008 Feb ,813028.0,427013.0,335176.0,51348.0,23820.0,60680.0,186124.0,181599.0,147720.0,101764.0,57564.0,2409.0
2008 Jan ,885290.0,472297.0,366846.0,62049.0,32399.0,64999.0,200758.0,197797.0,161366.0,105838.0,57795.0,2289.0
