YearQuarter,Total,Males,Females,Under 15 Years,15-19 Years,20-24 Years,25-34 Years,35-44 Years,45-54 Years,55-64 Years,65 & Over,Not Stated,Year,Quarter
2008 Q1,869651.0,457696.7,359251.0,56344.0,26598.3,62239.7,198232.0,193088.0,158369.3,109551.0,62958.0,2270.7,2008,Q1
2008 Q2,828665.3,446213.3,338698.0,57111.3,24999.7,57534.7,195979.7,189976.7,151974.0,99329.0,49850.0,1910.3,2008,Q2
2008 Q3,839459.7,447148.3,353433.3,70729.3,34310.0,70814.3,201455.0,188059.0,146124.3,87019.7,39214.3,1733.7,2008,Q3
2008 Q4,834242.0,440382.7,351564.0,61380.3,34501.0,62401.3,196961.0,179340.3,147422.7,99487.7,51145.0,1602.7,2008,Q4
2009 Q1,751103.0,395602.7,323497.0,47084.0,23198.3,54344.0,170857.0,160085.3,134687.0,99678.3,59485.0,1684.0,2009,Q1
2009 Q2,751923.3,398507.7,325988.3,59019.7,23668.0,52330.0,176543.0,165212.3,134405.0,91465.0,47719.0,1561.3,2009,Q2
2009 Q3,842084.0,440212.3,371662.0,73246.7,33164.0,69274.7,198787.0,182593.0,148870.7,92257.7,41938.0,1952.3,2009,Q3
2009 Q4,882453.0,459392.3,384091.7,66881.7,30566.3,63595.3,206027.7,187039.0,157723.0,110148.0,58750.3,1721.7,2009,Q4
2010 Q1,898261.7,467543.0,391811.7,60873.0,26174.3,62654.7,202903.3,192610.7,162833.3,118900.7,68962.7,2349.0,2010,Q1
2010 Q2,945573.7,493051.0,416495.0,78689.3,31344.7,60882.0,216766.3,212363.0,169487.0,114654.0,59064.3,2323.0,2010,Q2
2010 Q3,1013177.0,520631.7,452347.0,99191.0,43429.3,77610.7,228952.7,220174.0,178525.3,110828.0,52419.3,2046.7,2010,Q3
2010 Q4,1023554.7,528467.3,449681.0,84692.0,36541.7,70076.3,233144.7,221117.3,183418.7,127600.0,65189.0,1775.0,2010,Q4
2011 Q1,1039356.0,537673.7,463122.3,74215.3,31748.7,70275.3,233735.0,224157.3,185979.0,136896.3,80146.3,2202.7,2011,Q1
2011 Q2,1079163.3,554956.3,485258.3,94858.3,37245.0,68044.3,244639.0,238487.0,191502.0,132857.0,69325.0,2205.7,2011,Q2
2011 Q3,1162042.7,584948.7,530866.7,117216.7,49818.0,89871.0,265244.0,252849.7,200085.7,125465.3,59050.7,2441.7,2011,Q3
2011 Q4,1109872.3,570390.7,494093.0,90792.3,41288.7,77076.0,257791.3,236405.7,195902.7,137516.3,71008.7,2090.7,2011,Q4
2012 Q1,1192064.7,602376.3,534713.7,86412.7,36489.3,81568.7,268823.3,250288.7,210885.3,159118.7,95922.0,2556.0,2012,Q1
2012 Q2,1168713.3,591274.3,526310.7,96373.3,38913.7,75558.7,265781.3,251245.0,205792.7,150804.0,81687.7,2557.0,2012,Q2
2012 Q3,1216187.7,635661.7,580199.0,121042.7,52712.3,94924.3,278829.0,262039.3,208281.0,133912.3,63273.3,1173.3,2012,Q3
2012 Q4,1255065.0,661145.3,593768.3,102647.7,43450.3,86039.3,287911.3,260198.7,220008.7,165196.7,87467.0,2145.3,2012,Q4
2013 Q1,1293991.3,676794.3,616432.7,104147.7,39986.0,89520.3,284582.3,266893.0,226621.0,174487.7,106029.7,1723.7,2013,Q1
2013 Q2,1283826.0,667512.0,615532.0,110007.0,39933.7,79857.7,288884.3,271288.0,224515.3,172165.7,94585.0,2589.3,2013,Q2
2013 Q3,1359773.0,699978.0,659695.3,147367.3,57526.3,105568.7,304910.7,289738.0,227121.7,150476.3,75114.3,1949.7,2013,Q3
2013 Q4,1251717.3,657322.3,594383.7,111913.7,46815.3,84927.3,288615.0,259718.3,214436.7,157074.0,88016.3,200.7,2013,Q4
2014 Q1,1293877.3,675436.3,618441.0,107123.7,39646.7,89918.3,288851.3,269599.7,222603.7,166796.0,109337.7,0.3,2014,Q1
2014 Q2,1211753.7,635585.0,576167.3,115498.7,40979.0,80509.0,282903.7,265683.0,204484.0,142321.3,79374.7,0.3,2014,Q2
2014 Q3,1289987.0,666833.7,623149.7,143233.3,52216.0,102129.3,293606.0,277509.7,211735.0,137545.0,72012.7,0.0,2014,Q3
2014 Q4,1236099.3,646439.3,589658.0,109035.3,45057.0,82521.7,286772.3,256737.7,210203.3,155657.7,90114.3,0.0,2014,Q4
2015 Q1,1214358.0,633427.0,580929.3,102138.7,38351.7,83619.7,264517.3,247396.0,206224.7,160859.7,111250.3,0.0,2015,Q1
2015 Q2,1205402.3,624625.3,580775.7,108522.3,39475.3,78019.0,277494.7,255071.0,205553.3,152587.3,88678.7,0.7,2015,Q2
2015 Q3,1365423.7,690386.7,675036.7,156158.7,59224.7,107353.0,305115.0,290641.3,221710.7,146345.7,78874.7,0.0,2015,Q3
2015 Q4,1291972.3,665480.7,626490.3,109484.0,45804.3,83895.7,294183.3,256934.7,220952.0,174857.7,105860.7,0.0,2015,Q4
2016 Q1,1384609.0,699692.3,684915.3,118980.0,41811.7,95787.7,294541.7,274240.3,236752.0,190695.3,131796.7,3.7,2016,Q1
2016 Q2,1340682.0,673007.0,667674.7,116598.3,41358.3,84050.0,298071.7,277174.3,231972.3,181466.0,108689.3,1301.7,2016,Q2
2016 Q3,1416114.7,707029.7,709085.0,164634.0,62349.0,110916.7,308086.0,298505.3,233745.3,152919.7,83299.7,1659.0,2016,Q3
2016 Q4,1326414.0,672803.7,653609.7,110971.3,45968.3,86582.3,297259.0,263501.7,231504.7,178873.0,110359.0,1394.7,2016,Q4
2017 Q1,1440550.0,718780.3,721769.7,121178.3,40469.7,96457.0,303503.7,281707.0,244139.3,205860.7,147038.3,196.0,2017,Q1
2017 Q2,1407416.0,697240.3,710175.7,137120.0,48416.7,89206.3,309997.7,286248.0,237017.7,186296.0,113113.7,0.0,2017,Q2
2017 Q3,1503822.7,739960.7,763862.0,176788.3,64465.7,114229.3,325894.0,314498.3,248165.3,168148.3,91633.3,0.0,2017,Q3
2017 Q4,1456415.0,722685.0,733730.0,126351.7,50672.0,89751.0,321291.3,281001.3,247610.0,210725.0,129012.7,0.0,2017,Q4
2018 Q1,1546578.3,766954.7,779623.7,141975.7,44636.3,99317.7,320833.0,302710.3,254737.0,222294.0,160074.3,0.0,2018,Q1
2018 Q2,1519939.3,746551.0,773388.3,147623.3,51130.0,90150.3,328809.3,313196.3,253950.0,205901.3,129178.7,0.0,2018,Q2
2018 Q3,1610389.0,793335.7,817053.3,190456.3,67513.0,118989.0,351450.7,337339.0,260776.3,181020.0,102844.7,0.0,2018,Q3
2018 Q4,1492527.3,742678.3,749849.0,131532.0,52939.3,90302.3,328499.3,293512.0,249342.0,212010.3,134390.0,0.0,2018,Q4
2019 Q1,1562769.3,769496.3,793273.0,140044.0,46101.3,96575.7,320719.0,302498.3,252469.3,230260.0,174101.7,0.0,2019,Q1
2019 Q2,1545454.0,750222.3,795231.7,153508.0,52992.7,91764.0,332735.0,312533.7,252742.7,211247.0,137931.0,0.0,2019,Q2
2019 Q3,1667412.7,812864.7,854548.0,197698.0,70448.3,123054.7,361365.7,347992.7,266348.7,190068.0,110436.7,0.0,2019,Q3
2019 Q4,1596369.3,785899.7,810469.7,137227.7,58418.0,96202.7,348396.7,311934.3,262474.0,230195.0,151521.0,0.0,2019,Q4
2020 Q1,887023.0,443243.7,443779.3,82632.0,28238.0,63869.0,190063.7,168960.3,137381.0,120383.7,95495.3,0.0,2020,Q1
2020 Q2,1267.0,810.7,456.3,101.3,88.0,68.0,281.0,331.0,246.3,133.0,18.3,0.0,2020,Q2
2020 Q3,8418.3,4279.7,4138.7,898.7,502.0,1183.3,2288.3,1842.3,1074.0,506.3,123.3,0.0,2020,Q3
2020 Q4,17439.3,8082.0,9357.3,1308.0,603.7,2016.0,5615.7,4158.7,2081.0,1214.7,441.7,0.0,2020,Q4
2021 Q1,22903.0,13121.0,9782.0,1192.3,639.3,2593.3,8146.7,5678.0,2617.0,1475.0,561.3,0.0,2021,Q1
2021 Q2,16652.0,9245.3,7406.7,697.3,452.3,1751.0,5474.7,4069.0,2184.3,1530.3,493.0,0.0,2021,Q2
2021 Q3,17804.3,10290.3,7513.3,1245.7,1114.7,2783.7,4433.3,3742.3,2322.0,1573.3,589.3,0.0,2021,Q3
2021 Q4,52660.3,31262.3,21393.7,3091.0,1407.7,5504.7,17770.7,12018.0,5212.7,4088.7,3567.0,0.0,2021,Q4
2022 Q1,82048.7,48781.7,33252.3,4279.0,1432.7,6759.7,25329.0,19385.0,10684.3,7858.3,6320.7,0.0,2022,Q1
2022 Q2,419095.3,221438.0,197651.0,37497.3,14008.0,30128.7,105064.3,89986.7,64268.0,46557.7,31584.7,0.0,2022,Q2
2022 Q3,745899.3,389074.3,356819.0,64601.7,28673.7,64124.3,191034.7,154613.7,115485.3,79478.3,47887.7,0.0,2022,Q3
2022 Q4,854836.7,436460.7,418368.0,78661.3,27086.0,56060.7,207981.7,181022.7,134671.0,100071.3,69282.0,0.0,2022,Q4
2023 Q1,970232.7,487773.3,482449.0,79672.0,28600.7,64029.0,218235.3,197801.0,152277.7,126742.0,102875.0,0.0,2023,Q1
2023 Q2,1123477.3,549915.0,573554.3,114796.7,41466.3,69555.0,249105.0,239882.3,176496.7,134100.0,98075.3,0.0,2023,Q2
2023 Q3,1287699.0,631120.3,656567.3,153254.3,60108.0,94093.3,273002.3,268142.7,205725.3,140989.0,92384.0,0.0,2023,Q3
2023 Q4,1155402.7,574131.7,581242.0,101826.0,39252.3,66453.7,252986.0,238229.7,182538.7,154082.7,120033.7,0.0,2023,Q4
